feature,count,missing_count,missing_rate,finite_count,min,max,mean,sample_standard_deviation,quantiles
CNT_CHILDREN,215257,0,0.0,215257,0.0,19.0,0.4171571656206302,0.7196716491973697,"{""0.01"": 0.0, ""0.05"": 0.0, ""0.10"": 0.0, ""0.25"": 0.0, ""0.50"": 0.0, ""0.75"": 1.0, ""0.90"": 2.0, ""0.95"": 2.0, ""0.99"": 3.0}"
AMT_INCOME_TOTAL,215257,0,0.0,215257,25650.0,117000000.0,169084.25800166777,274245.23376966437,"{""0.01"": 45000.0, ""0.05"": 67500.0, ""0.10"": 81000.0, ""0.25"": 112500.0, ""0.50"": 148500.0, ""0.75"": 202500.0, ""0.90"": 270000.0, ""0.95"": 337500.0, ""0.99"": 472500.0}"
AMT_CREDIT,215257,0,0.0,215257,45000.0,4050000.0,599416.427340342,402647.70820752566,"{""0.01"": 76410.0, ""0.05"": 135000.0, ""0.10"": 180000.0, ""0.25"": 270000.0, ""0.50"": 516397.5, ""0.75"": 808650.0, ""0.90"": 1133748.0, ""0.95"": 1350000.0, ""0.99"": 1853332.2000000027}"
AMT_ANNUITY,215257,8,3.7164877332676755e-05,215249,1615.5,258025.5,27116.96621587092,14549.964736550775,"{""0.01"": 6187.5, ""0.05"": 9000.0, ""0.10"": 11070.0, ""0.25"": 16524.0, ""0.50"": 24903.0, ""0.75"": 34587.0, ""0.90"": 45990.0, ""0.95"": 53325.0, ""0.99"": 70209.0}"
AMT_GOODS_PRICE,215257,187,0.0008687290076513191,215070,40500.0,4050000.0,538818.9670386385,369641.1328483677,"{""0.01"": 67500.0, ""0.05"": 135000.0, ""0.10"": 180000.0, ""0.25"": 238500.0, ""0.50"": 450000.0, ""0.75"": 679500.0, ""0.90"": 1098000.0, ""0.95"": 1305000.0, ""0.99"": 1800000.0}"
REGION_POPULATION_RELATIVE,215257,0,0.0,215257,0.00029,0.072508,0.02086038834974007,0.013829377284834687,"{""0.01"": 0.002134, ""0.05"": 0.00496, ""0.10"": 0.006629, ""0.25"": 0.010006, ""0.50"": 0.01885, ""0.75"": 0.028663, ""0.90"": 0.035792, ""0.95"": 0.04622, ""0.99"": 0.072508}"
DAYS_BIRTH,215257,0,0.0,215257,-25200.0,-7673.0,-16034.389395002254,4361.550096671676,"{""0.01"": -24405.0, ""0.05"": -23195.0, ""0.10"": -22176.0, ""0.25"": -19683.0, ""0.50"": -15745.0, ""0.75"": -12409.0, ""0.90"": -10283.0, ""0.95"": -9410.0, ""0.99"": -8263.0}"
DAYS_REGISTRATION,215257,0,0.0,215257,-24672.0,0.0,-4993.670333601231,3526.89829590602,"{""0.01"": -13907.44, ""0.05"": -11437.0, ""0.10"": -9946.0, ""0.25"": -7486.0, ""0.50"": -4512.0, ""0.75"": -2017.0, ""0.90"": -693.0, ""0.95"": -331.0, ""0.99"": -52.0}"
DAYS_ID_PUBLISH,215257,0,0.0,215257,-7197.0,0.0,-2996.018740389395,1508.2975378019728,"{""0.01"": -5446.0, ""0.05"": -4943.0, ""0.10"": -4723.0, ""0.25"": -4299.0, ""0.50"": -3260.0, ""0.75"": -1721.0, ""0.90"": -733.0, ""0.95"": -376.0, ""0.99"": -62.0}"
OWN_CAR_AGE,215257,142091,0.6600993231346716,73166,0.0,91.0,12.043093786731543,11.873712528431193,"{""0.01"": 0.0, ""0.05"": 1.0, ""0.10"": 2.0, ""0.25"": 5.0, ""0.50"": 9.0, ""0.75"": 15.0, ""0.90"": 22.0, ""0.95"": 29.0, ""0.99"": 64.0}"
CNT_FAM_MEMBERS,215257,1,4.645609666584594e-06,215256,1.0,20.0,2.1525671758278513,0.9088707525408771,"{""0.01"": 1.0, ""0.05"": 1.0, ""0.10"": 1.0, ""0.25"": 2.0, ""0.50"": 2.0, ""0.75"": 3.0, ""0.90"": 3.0, ""0.95"": 4.0, ""0.99"": 5.0}"
REGION_RATING_CLIENT,215257,0,0.0,215257,1.0,3.0,2.052537199719405,0.5092195343611607,"{""0.01"": 1.0, ""0.05"": 1.0, ""0.10"": 1.0, ""0.25"": 2.0, ""0.50"": 2.0, ""0.75"": 2.0, ""0.90"": 3.0, ""0.95"": 3.0, ""0.99"": 3.0}"
REGION_RATING_CLIENT_W_CITY,215257,0,0.0,215257,1.0,3.0,2.031557626465109,0.5030781464670281,"{""0.01"": 1.0, ""0.05"": 1.0, ""0.10"": 1.0, ""0.25"": 2.0, ""0.50"": 2.0, ""0.75"": 2.0, ""0.90"": 3.0, ""0.95"": 3.0, ""0.99"": 3.0}"
HOUR_APPR_PROCESS_START,215257,0,0.0,215257,0.0,23.0,12.061665822714243,3.2642743011100346,"{""0.01"": 4.0, ""0.05"": 7.0, ""0.10"": 8.0, ""0.25"": 10.0, ""0.50"": 12.0, ""0.75"": 14.0, ""0.90"": 16.0, ""0.95"": 17.0, ""0.99"": 19.0}"
EXT_SOURCE_1,215257,121373,0.563851582062372,93884,0.0145681324124455,0.9516239622079844,0.5015915921985942,0.21130039661497366,"{""0.01"": 0.08292054924844912, ""0.05"": 0.15753722147913596, ""0.10"": 0.21181018583217992, ""0.25"": 0.33338965851942176, ""0.50"": 0.5052886501830977, ""0.75"": 0.6746593416731956, ""0.90"": 0.786745555706061, ""0.95"": 0.8321435604213947, ""0.99"": 0.8902421219426215}"
EXT_SOURCE_2,215257,464,0.002155562885295252,214793,8.173616518884397e-08,0.8549996664047012,0.5143643960182919,0.19107087487106367,"{""0.01"": 0.029390391182814415, ""0.05"": 0.13300030802653096, ""0.10"": 0.21541924645032157, ""0.25"": 0.3919465632746873, ""0.50"": 0.5659130796679341, ""0.75"": 0.6636414967544301, ""0.90"": 0.7220985117164815, ""0.95"": 0.7478248777221419, ""0.99"": 0.7827928199705348}"
EXT_SOURCE_3,215257,42680,0.19827462056983047,172577,0.0005272652387098,0.8960095494948396,0.510853794329214,0.19479633782156125,"{""0.01"": 0.0638048444715178, ""0.05"": 0.1547436312725944, ""0.10"": 0.228883416700673, ""0.25"": 0.3706496323299817, ""0.50"": 0.5352762504724826, ""0.75"": 0.6690566947824041, ""0.90"": 0.7490217048463391, ""0.95"": 0.7862666146611379, ""0.99"": 0.8337869986815019}"
APARTMENTS_AVG,215257,109076,0.5067245199923812,106181,0.0,1.0,0.11743371883858694,0.10809599884434197,"{""0.01"": 0.0021, ""0.05"": 0.0082, ""0.10"": 0.0165, ""0.25"": 0.0577, ""0.50"": 0.0876, ""0.75"": 0.1485, ""0.90"": 0.2412, ""0.95"": 0.3268, ""0.99"": 0.5412}"
BASEMENTAREA_AVG,215257,125793,0.5843851767886759,89464,0.0,1.0,0.08855777072341947,0.0825319549375591,"{""0.01"": 0.0, ""0.05"": 0.0, ""0.10"": 0.0, ""0.25"": 0.0442, ""0.50"": 0.07635, ""0.75"": 0.1124, ""0.90"": 0.1689, ""0.95"": 0.2237, ""0.99"": 0.3855369999999995}"
YEARS_BEGINEXPLUATATION_AVG,215257,104910,0.4873709101213898,110347,0.0,1.0,0.9775808214088285,0.06058288484296291,"{""0.01"": 0.9483, ""0.05"": 0.9687, ""0.10"": 0.9722, ""0.25"": 0.9767, ""0.50"": 0.9816, ""0.75"": 0.9866, ""0.90"": 0.9911, ""0.95"": 0.9955, ""0.99"": 0.999}"
YEARS_BUILD_AVG,215257,143036,0.664489424269594,72221,0.0,1.0,0.7526656678805334,0.11312093126162595,"{""0.01"": 0.3472, ""0.05"": 0.5920000000000001, ""0.10"": 0.6328, ""0.25"": 0.6872, ""0.50"": 0.7552, ""0.75"": 0.8232, ""0.90"": 0.8776, ""0.95"": 0.9524, ""0.99"": 0.9864}"
COMMONAREA_AVG,215257,150300,0.6982351328876645,64957,0.0,1.0,0.04465952861123513,0.07559416263192478,"{""0.01"": 0.0, ""0.05"": 0.0, ""0.10"": 0.0009, ""0.25"": 0.0078, ""0.50"": 0.0212, ""0.75"": 0.0518, ""0.90"": 0.1057, ""0.95"": 0.1607, ""0.99"": 0.3706}"
ELEVATORS_AVG,215257,114570,0.5322474995005969,100687,0.0,1.0,0.0788517961603782,0.13451063226233154,"{""0.01"": 0.0, ""0.05"": 0.0, ""0.10"": 0.0, ""0.25"": 0.0, ""0.50"": 0.0, ""0.75"": 0.12, ""0.90"": 0.24, ""0.95"": 0.36, ""0.99"": 0.6}"
ENTRANCES_AVG,215257,108270,0.502980158601114,106987,0.0,1.0,0.1498391197061325,0.10010201013304469,"{""0.01"": 0.0345, ""0.05"": 0.0345, ""0.10"": 0.0345, ""0.25"": 0.069, ""0.50"": 0.1379, ""0.75"": 0.2069, ""0.90"": 0.2759, ""0.95"": 0.3103, ""0.99"": 0.5172}"
FLOORSMAX_AVG,215257,106970,0.49694086603455406,108287,0.0,1.0,0.22617185165347642,0.14454974830636105,"{""0.01"": 0.0, ""0.05"": 0.0417, ""0.10"": 0.0417, ""0.25"": 0.1667, ""0.50"": 0.1667, ""0.75"": 0.3333, ""0.90"": 0.375, ""0.95"": 0.4792, ""0.99"": 0.6667}"
FLOORSMIN_AVG,215257,146054,0.6785098742433463,69203,0.0,1.0,0.23127554585783852,0.1610407774170049,"{""0.01"": 0.0, ""0.05"": 0.0417, ""0.10"": 0.0417, ""0.25"": 0.0833, ""0.50"": 0.2083, ""0.75"": 0.375, ""0.90"": 0.4167, ""0.95"": 0.5, ""0.99"": 0.7083}"
LANDAREA_AVG,215257,127644,0.592984200281524,87613,0.0,1.0,0.06639372125141246,0.08111528912367652,"{""0.01"": 0.0, ""0.05"": 0.0, ""0.10"": 0.0, ""0.25"": 0.0188, ""0.50"": 0.0483, ""0.75"": 0.0859, ""0.90"": 0.1407800000000003, ""0.95"": 0.1954, ""0.99"": 0.3731}"
LIVINGAPARTMENTS_AVG,215257,147049,0.683132255861598,68208,0.0,1.0,0.1006903720971147,0.09233101550682613,"{""0.01"": 0.0034, ""0.05"": 0.0101, ""0.10"": 0.0202, ""0.25"": 0.0504, ""0.50"": 0.0756, ""0.75"": 0.121, ""0.90"": 0.2051, ""0.95"": 0.2723, ""0.99"": 0.4522}"
LIVINGAREA_AVG,215257,107990,0.5016793878944703,107267,0.0,1.0,0.10745870677841274,0.11065731319925944,"{""0.01"": 0.0022, ""0.05"": 0.0082, ""0.10"": 0.0144, ""0.25"": 0.0453, ""0.50"": 0.0743, ""0.75"": 0.13, ""0.90"": 0.23274000000000086, ""0.95"": 0.3211, ""0.99"": 0.5481699999999982}"
NONLIVINGAPARTMENTS_AVG,215257,149354,0.6938403861430755,65903,0.0,1.0,0.008721299485607636,0.04690969613408242,"{""0.01"": 0.0, ""0.05"": 0.0, ""0.10"": 0.0, ""0.25"": 0.0, ""0.50"": 0.0, ""0.75"": 0.0039, ""0.90"": 0.0154, ""0.95"": 0.0309, ""0.99"": 0.1081}"
NONLIVINGAREA_AVG,215257,118577,0.5508624574346014,96680,0.0,1.0,0.02841770273065784,0.06937424507244529,"{""0.01"": 0.0, ""0.05"": 0.0, ""0.10"": 0.0, ""0.25"": 0.0, ""0.50"": 0.0036, ""0.75"": 0.028, ""0.90"": 0.0806, ""0.95"": 0.1276, ""0.99"": 0.3162}"
TOTALAREA_MODE,215257,103833,0.4823675885104782,111424,0.0,1.0,0.1025735066053992,0.10722471644977714,"{""0.01"": 0.0016, ""0.05"": 0.0067, ""0.10"": 0.0123, ""0.25"": 0.0413, ""0.50"": 0.0688, ""0.75"": 0.1279, ""0.90"": 0.2273, ""0.95"": 0.30928499999999914, ""0.99"": 0.5252540000000008}"
OBS_30_CNT_SOCIAL_CIRCLE,215257,714,0.0033169653019414,214543,0.0,348.0,1.4238451033126227,2.4342626349833103,"{""0.01"": 0.0, ""0.05"": 0.0, ""0.10"": 0.0, ""0.25"": 0.0, ""0.50"": 0.0, ""0.75"": 2.0, ""0.90"": 4.0, ""0.95"": 6.0, ""0.99"": 10.0}"
DEF_30_CNT_SOCIAL_CIRCLE,215257,714,0.0033169653019414,214543,0.0,34.0,0.14328596132243887,0.4483474115836694,"{""0.01"": 0.0, ""0.05"": 0.0, ""0.10"": 0.0, ""0.25"": 0.0, ""0.50"": 0.0, ""0.75"": 0.0, ""0.90"": 1.0, ""0.95"": 1.0, ""0.99"": 2.0}"
OBS_60_CNT_SOCIAL_CIRCLE,215257,714,0.0033169653019414,214543,0.0,344.0,1.4066970257710576,2.412318471918407,"{""0.01"": 0.0, ""0.05"": 0.0, ""0.10"": 0.0, ""0.25"": 0.0, ""0.50"": 0.0, ""0.75"": 2.0, ""0.90"": 4.0, ""0.95"": 6.0, ""0.99"": 10.0}"
DEF_60_CNT_SOCIAL_CIRCLE,215257,714,0.0033169653019414,214543,0.0,24.0,0.09941130682427299,0.36199558223673267,"{""0.01"": 0.0, ""0.05"": 0.0, ""0.10"": 0.0, ""0.25"": 0.0, ""0.50"": 0.0, ""0.75"": 0.0, ""0.90"": 0.0, ""0.95"": 1.0, ""0.99"": 2.0}"
DAYS_LAST_PHONE_CHANGE,215257,1,4.645609666584594e-06,215256,-4292.0,0.0,-964.2142054112313,827.1132237994198,"{""0.01"": -3155.0, ""0.05"": -2524.0, ""0.10"": -2160.0, ""0.25"": -1570.0, ""0.50"": -759.0, ""0.75"": -275.0, ""0.90"": 0.0, ""0.95"": 0.0, ""0.99"": 0.0}"
AMT_REQ_CREDIT_BUREAU_HOUR,215257,29081,0.13509897471394658,186176,0.0,4.0,0.0062736335510484706,0.08306833677961584,"{""0.01"": 0.0, ""0.05"": 0.0, ""0.10"": 0.0, ""0.25"": 0.0, ""0.50"": 0.0, ""0.75"": 0.0, ""0.90"": 0.0, ""0.95"": 0.0, ""0.99"": 0.0}"
AMT_REQ_CREDIT_BUREAU_DAY,215257,29081,0.13509897471394658,186176,0.0,9.0,0.006907442420075628,0.10996091762828646,"{""0.01"": 0.0, ""0.05"": 0.0, ""0.10"": 0.0, ""0.25"": 0.0, ""0.50"": 0.0, ""0.75"": 0.0, ""0.90"": 0.0, ""0.95"": 0.0, ""0.99"": 0.0}"
AMT_REQ_CREDIT_BUREAU_WEEK,215257,29081,0.13509897471394658,186176,0.0,8.0,0.03401082846338948,0.2030338370925836,"{""0.01"": 0.0, ""0.05"": 0.0, ""0.10"": 0.0, ""0.25"": 0.0, ""0.50"": 0.0, ""0.75"": 0.0, ""0.90"": 0.0, ""0.95"": 0.0, ""0.99"": 1.0}"
AMT_REQ_CREDIT_BUREAU_MON,215257,29081,0.13509897471394658,186176,0.0,27.0,0.26572705397043656,0.9133359897899566,"{""0.01"": 0.0, ""0.05"": 0.0, ""0.10"": 0.0, ""0.25"": 0.0, ""0.50"": 0.0, ""0.75"": 0.0, ""0.90"": 1.0, ""0.95"": 1.0, ""0.99"": 4.0}"
AMT_REQ_CREDIT_BUREAU_QRT,215257,29081,0.13509897471394658,186176,0.0,19.0,0.26351946545204535,0.6115862282174319,"{""0.01"": 0.0, ""0.05"": 0.0, ""0.10"": 0.0, ""0.25"": 0.0, ""0.50"": 0.0, ""0.75"": 0.0, ""0.90"": 1.0, ""0.95"": 2.0, ""0.99"": 2.0}"
AMT_REQ_CREDIT_BUREAU_YEAR,215257,29081,0.13509897471394658,186176,0.0,25.0,1.8989289704365762,1.8685342250160035,"{""0.01"": 0.0, ""0.05"": 0.0, ""0.10"": 0.0, ""0.25"": 0.0, ""0.50"": 1.0, ""0.75"": 3.0, ""0.90"": 4.0, ""0.95"": 6.0, ""0.99"": 8.0}"
BUREAU_ACCOUNT_COUNT,215257,30836,0.14325201967880255,184421,1.0,94.0,5.558634862624104,4.373824350948477,"{""0.01"": 1.0, ""0.05"": 1.0, ""0.10"": 1.0, ""0.25"": 2.0, ""0.50"": 4.0, ""0.75"": 8.0, ""0.90"": 11.0, ""0.95"": 14.0, ""0.99"": 20.0}"
BUREAU_ACTIVE_COUNT,215257,30836,0.14325201967880255,184421,0.0,32.0,2.058968338746672,1.7878685394966563,"{""0.01"": 0.0, ""0.05"": 0.0, ""0.10"": 0.0, ""0.25"": 1.0, ""0.50"": 2.0, ""0.75"": 3.0, ""0.90"": 4.0, ""0.95"": 5.0, ""0.99"": 8.0}"
BUREAU_CLOSED_COUNT,215257,30836,0.14325201967880255,184421,0.0,84.0,3.4777709696834957,3.374081728970727,"{""0.01"": 0.0, ""0.05"": 0.0, ""0.10"": 0.0, ""0.25"": 1.0, ""0.50"": 3.0, ""0.75"": 5.0, ""0.90"": 8.0, ""0.95"": 10.0, ""0.99"": 15.0}"
BUREAU_SOLD_COUNT,215257,30836,0.14325201967880255,184421,0.0,9.0,0.02182506330623953,0.1598983335256138,"{""0.01"": 0.0, ""0.05"": 0.0, ""0.10"": 0.0, ""0.25"": 0.0, ""0.50"": 0.0, ""0.75"": 0.0, ""0.90"": 0.0, ""0.95"": 0.0, ""0.99"": 1.0}"
BUREAU_BAD_DEBT_COUNT,215257,30836,0.14325201967880255,184421,0.0,1.0,7.049088769717115e-05,0.008395612004800346,"{""0.01"": 0.0, ""0.05"": 0.0, ""0.10"": 0.0, ""0.25"": 0.0, ""0.50"": 0.0, ""0.75"": 0.0, ""0.90"": 0.0, ""0.95"": 0.0, ""0.99"": 0.0}"
BUREAU_CREDIT_SUM_TOTAL,215257,30836,0.14325201967880255,184421,0.0,1017957917.385,1960393.2693169813,4357740.537424247,"{""0.01"": 21055.5, ""0.05"": 67500.0, ""0.10"": 125082.0, ""0.25"": 343373.04, ""0.50"": 964161.0, ""0.75"": 2298669.84, ""0.90"": 4679455.5, ""0.95"": 6974330.49, ""0.99"": 14115669.299999956}"
BUREAU_CREDIT_SUM_MEAN,215257,30836,0.14325201967880255,184421,0.0,142290000.0,377699.42139334977,830891.3171063787,"{""0.01"": 17438.58, ""0.05"": 40590.0, ""0.10"": 59001.0975, ""0.25"": 103628.295, ""0.50"": 196291.5, ""0.75"": 394148.9025, ""0.90"": 780735.0, ""0.95"": 1222635.0, ""0.99"": 2971544.9399999776}"
BUREAU_CREDIT_SUM_MAX,215257,30836,0.14325201967880255,184421,0.0,170100000.0,977119.7826255688,2005548.035596813,"{""0.01"": 19384.2, ""0.05"": 52528.5, ""0.10"": 86526.0, ""0.25"": 180000.0, ""0.50"": 450000.0, ""0.75"": 1048500.0, ""0.90"": 2250000.0, ""0.95"": 3546000.0, ""0.99"": 8596360.79999998}"
BUREAU_DEBT_TOTAL,215257,30836,0.14325201967880255,184421,-3112461.135,334498331.20500004,642349.3309495014,1685997.462807438,"{""0.01"": 0.0, ""0.05"": 0.0, ""0.10"": 0.0, ""0.25"": 0.0, ""0.50"": 169746.66, ""0.75"": 660098.79, ""0.90"": 1602639.0, ""0.95"": 2654347.5, ""0.99"": 7029549.89999995}"
BUREAU_DEBT_MEAN,215257,36039,0.1674231267740422,179218,-1083614.67,43650000.0,160607.05346956349,527671.4924814663,"{""0.01"": 0.0, ""0.05"": 0.0, ""0.10"": 0.0, ""0.25"": 0.0, ""0.50"": 44370.0, ""0.75"": 142556.88053571427, ""0.90"": 349630.7708181818, ""0.95"": 609518.3175, ""0.99"": 1951227.4319999935}"
BUREAU_DEBT_MAX,215257,36039,0.1674231267740422,179218,-25959.645,170100000.0,522739.6849078384,1357436.9733399318,"{""0.01"": 0.0, ""0.05"": 0.0, ""0.10"": 0.0, ""0.25"": 0.0, ""0.50"": 149998.5, ""0.75"": 495771.8175, ""0.90"": 1241699.85, ""0.95"": 2125484.0999999996, ""0.99"": 6286883.534999978}"
BUREAU_DEBT_REPORTED_COUNT,215257,30836,0.14325201967880255,184421,0.0,89.0,4.7111500317209,3.8481612332198267,"{""0.01"": 0.0, ""0.05"": 1.0, ""0.10"": 1.0, ""0.25"": 2.0, ""0.50"": 4.0, ""0.75"": 6.0, ""0.90"": 10.0, ""0.95"": 12.0, ""0.99"": 18.0}"
BUREAU_POSITIVE_DEBT_TOTAL,215257,30836,0.14325201967880255,184421,0.0,334498331.20500004,642565.3674836814,1685920.571157147,"{""0.01"": 0.0, ""0.05"": 0.0, ""0.10"": 0.0, ""0.25"": 0.0, ""0.50"": 169812.0, ""0.75"": 660307.5, ""0.90"": 1603003.5, ""0.95"": 2655409.5, ""0.99"": 7029549.89999995}"
BUREAU_POSITIVE_DEBT_MEAN,215257,36039,0.1674231267740422,179218,0.0,43650000.0,160645.66154553954,527645.3082373585,"{""0.01"": 0.0, ""0.05"": 0.0, ""0.10"": 0.0, ""0.25"": 0.0, ""0.50"": 44378.83796875, ""0.75"": 142564.89375, ""0.90"": 349630.7708181818, ""0.95"": 609518.3175, ""0.99"": 1951227.4319999935}"
BUREAU_POSITIVE_DEBT_MAX,215257,36039,0.1674231267740422,179218,0.0,170100000.0,522740.0829197291,1357436.8178537143,"{""0.01"": 0.0, ""0.05"": 0.0, ""0.10"": 0.0, ""0.25"": 0.0, ""0.50"": 149998.5, ""0.75"": 495771.8175, ""0.90"": 1241699.85, ""0.95"": 2125484.0999999996, ""0.99"": 6286883.534999978}"
BUREAU_NEGATIVE_DEBT_ACCOUNT_COUNT,215257,30836,0.14325201967880255,184421,0.0,8.0,0.03181307985533101,0.24584556661196194,"{""0.01"": 0.0, ""0.05"": 0.0, ""0.10"": 0.0, ""0.25"": 0.0, ""0.50"": 0.0, ""0.75"": 0.0, ""0.90"": 0.0, ""0.95"": 0.0, ""0.99"": 1.0}"
BUREAU_OVERDUE_ACCOUNT_COUNT,215257,30836,0.14325201967880255,184421,0.0,7.0,0.014016841899783647,0.13145318411665674,"{""0.01"": 0.0, ""0.05"": 0.0, ""0.10"": 0.0, ""0.25"": 0.0, ""0.50"": 0.0, ""0.75"": 0.0, ""0.90"": 0.0, ""0.95"": 0.0, ""0.99"": 1.0}"
BUREAU_OVERDUE_DAYS_MAX,215257,30836,0.14325201967880255,184421,0.0,2792.0,4.816029627862337,89.46516590668355,"{""0.01"": 0.0, ""0.05"": 0.0, ""0.10"": 0.0, ""0.25"": 0.0, ""0.50"": 0.0, ""0.75"": 0.0, ""0.90"": 0.0, ""0.95"": 0.0, ""0.99"": 17.0}"
BUREAU_OVERDUE_AMOUNT_TOTAL,215257,30836,0.14325201967880255,184421,0.0,3756681.0,249.35841208430713,18132.290123296945,"{""0.01"": 0.0, ""0.05"": 0.0, ""0.10"": 0.0, ""0.25"": 0.0, ""0.50"": 0.0, ""0.75"": 0.0, ""0.90"": 0.0, ""0.95"": 0.0, ""0.99"": 31.5}"
BUREAU_OVERDUE_AMOUNT_MAX,215257,30836,0.14325201967880255,184421,0.0,3756681.0,210.51041529977604,16563.762832206055,"{""0.01"": 0.0, ""0.05"": 0.0, ""0.10"": 0.0, ""0.25"": 0.0, ""0.50"": 0.0, ""0.75"": 0.0, ""0.90"": 0.0, ""0.95"": 0.0, ""0.99"": 31.5}"
BUREAU_OLDEST_CREDIT_DAYS,215257,30836,0.14325201967880255,184421,-2922.0,-2.0,-1763.1802668893456,864.0781599111614,"{""0.01"": -2912.0, ""0.05"": -2868.0, ""0.10"": -2809.0, ""0.25"": -2583.0, ""0.50"": -1829.0, ""0.75"": -1035.0, ""0.90"": -501.0, ""0.95"": -298.0, ""0.99"": -89.0}"
BUREAU_MOST_RECENT_CREDIT_DAYS,215257,30836,0.14325201967880255,184421,-2922.0,0.0,-489.3679461666513,538.0764420758036,"{""0.01"": -2607.0, ""0.05"": -1646.0, ""0.10"": -1170.0, ""0.25"": -619.0, ""0.50"": -300.0, ""0.75"": -143.0, ""0.90"": -67.0, ""0.95"": -39.0, ""0.99"": -15.0}"
BUREAU_AVG_CREDIT_DAYS,215257,30836,0.14325201967880255,184421,-2922.0,-2.0,-1083.1791678974962,563.6494265494737,"{""0.01"": -2647.0, ""0.05"": -2102.0, ""0.10"": -1809.5, ""0.25"": -1434.0, ""0.50"": -1050.75, ""0.75"": -663.0, ""0.90"": -370.0, ""0.95"": -238.9, ""0.99"": -84.0}"
BUREAU_PROLONGATION_ACCOUNT_COUNT,215257,30836,0.14325201967880255,184421,0.0,3.0,0.03379766946280521,0.1875697336434119,"{""0.01"": 0.0, ""0.05"": 0.0, ""0.10"": 0.0, ""0.25"": 0.0, ""0.50"": 0.0, ""0.75"": 0.0, ""0.90"": 0.0, ""0.95"": 0.0, ""0.99"": 1.0}"
BUREAU_PROLONGATION_TOTAL,215257,30836,0.14325201967880255,184421,0.0,9.0,0.04079253447275527,0.24803880742744813,"{""0.01"": 0.0, ""0.05"": 0.0, ""0.10"": 0.0, ""0.25"": 0.0, ""0.50"": 0.0, ""0.75"": 0.0, ""0.90"": 0.0, ""0.95"": 0.0, ""0.99"": 1.0}"
BUREAU_PROLONGATION_MAX,215257,30836,0.14325201967880255,184421,0.0,9.0,0.039534543246159605,0.23759487908077145,"{""0.01"": 0.0, ""0.05"": 0.0, ""0.10"": 0.0, ""0.25"": 0.0, ""0.50"": 0.0, ""0.75"": 0.0, ""0.90"": 0.0, ""0.95"": 0.0, ""0.99"": 1.0}"
BUREAU_CREDIT_LIMIT_TOTAL,215257,30836,0.14325201967880255,184421,-391566.645,6412500.0,23391.194391967296,98829.37803455135,"{""0.01"": 0.0, ""0.05"": 0.0, ""0.10"": 0.0, ""0.25"": 0.0, ""0.50"": 0.0, ""0.75"": 0.0, ""0.90"": 45000.0, ""0.95"": 148283.64, ""0.99"": 454500.0}"
BUREAU_CREDIT_LIMIT_MAX,215257,45585,0.21177011665125872,169672,0.0,4500000.0,22114.114850546935,84325.95868101549,"{""0.01"": 0.0, ""0.05"": 0.0, ""0.10"": 0.0, ""0.25"": 0.0, ""0.50"": 0.0, ""0.75"": 0.0, ""0.90"": 49376.06549999995, ""0.95"": 146149.4654999968, ""0.99"": 418500.0}"
BUREAU_CREDIT_LIMIT_REPORTED_COUNT,215257,30836,0.14325201967880255,184421,0.0,53.0,3.7017042527694786,3.1848401157713617,"{""0.01"": 0.0, ""0.05"": 0.0, ""0.10"": 1.0, ""0.25"": 1.0, ""0.50"": 3.0, ""0.75"": 5.0, ""0.90"": 8.0, ""0.95"": 10.0, ""0.99"": 14.0}"
BUREAU_MAX_OVERDUE_AMOUNT_MAX,215257,86638,0.40248633029355607,128619,0.0,115987185.0,10019.82093240501,433005.82347176917,"{""0.01"": 0.0, ""0.05"": 0.0, ""0.10"": 0.0, ""0.25"": 0.0, ""0.50"": 0.0, ""0.75"": 5897.452499999999, ""0.90"": 15970.652999999998, ""0.95"": 26738.23499999995, ""0.99"": 76094.49059999984}"
BUREAU_MAX_OVERDUE_AMOUNT_MEAN,215257,86638,0.40248633029355607,128619,0.0,115987185.0,5695.198312206304,360987.0480900618,"{""0.01"": 0.0, ""0.05"": 0.0, ""0.10"": 0.0, ""0.25"": 0.0, ""0.50"": 0.0, ""0.75"": 2106.0, ""0.90"": 7291.98, ""0.95"": 12879.12599999999, ""0.99"": 41416.80119999995}"
BUREAU_MAX_OVERDUE_REPORTED_COUNT,215257,30836,0.14325201967880255,184421,0.0,46.0,1.9595599199657305,2.308437109503349,"{""0.01"": 0.0, ""0.05"": 0.0, ""0.10"": 0.0, ""0.25"": 0.0, ""0.50"": 1.0, ""0.75"": 3.0, ""0.90"": 5.0, ""0.95"": 6.0, ""0.99"": 10.0}"
BUREAU_ANNUITY_AVAILABLE_COUNT,215257,30836,0.14325201967880255,184421,0.0,47.0,1.2658807836417763,2.6934319064406305,"{""0.01"": 0.0, ""0.05"": 0.0, ""0.10"": 0.0, ""0.25"": 0.0, ""0.50"": 0.0, ""0.75"": 1.0, ""0.90"": 5.0, ""0.95"": 7.0, ""0.99"": 12.0}"
BUREAU_ANNUITY_MEAN,215257,159480,0.7408818296269111,55777,0.0,27282428.7525,15827.11740920817,177289.1415183903,"{""0.01"": 0.0, ""0.05"": 0.0, ""0.10"": 0.0, ""0.25"": 225.0, ""0.50"": 6516.0, ""0.75"": 15144.0, ""0.90"": 29566.197000000004, ""0.95"": 44550.225, ""0.99"": 111547.3199999998}"
BUREAU_ANNUITY_MAX,215257,159480,0.7408818296269111,55777,0.0,57476227.5,33990.27221628987,470569.13584195543,"{""0.01"": 0.0, ""0.05"": 0.0, ""0.10"": 0.0, ""0.25"": 450.0, ""0.50"": 12500.01, ""0.75"": 27000.0, ""0.90"": 49500.0, ""0.95"": 74250.0, ""0.99"": 267368.5799999977}"
BUREAU_ENDDATE_AFTER_APPLICATION_COUNT,215257,30836,0.14325201967880255,184421,0.0,30.0,1.9512799518493014,1.8648037303869314,"{""0.01"": 0.0, ""0.05"": 0.0, ""0.10"": 0.0, ""0.25"": 1.0, ""0.50"": 2.0, ""0.75"": 3.0, ""0.90"": 4.0, ""0.95"": 6.0, ""0.99"": 8.0}"
BUREAU_ENDDATE_MEAN,215257,32432,0.15066641270667155,182825,-41875.0,31198.0,652.0613258335886,3275.060801281111,"{""0.01"": -2233.19, ""0.05"": -1536.0, ""0.10"": -1199.3333333333333, ""0.25"": -702.2222222222222, ""0.50"": -134.5, ""0.75"": 606.8, ""0.90"": 3055.3515151515153, ""0.95"": 5971.966666666664, ""0.99"": 15245.5}"
BUREAU_ENDDATE_MIN,215257,32432,0.15066641270667155,182825,-42060.0,31198.0,-1033.89734445508,2623.3591308639316,"{""0.01"": -2700.0, ""0.05"": -2561.0, ""0.10"": -2461.0, ""0.25"": -2133.0, ""0.50"": -1267.0, ""0.75"": -449.0, ""0.90"": 185.0, ""0.95"": 731.0, ""0.99"": 3535.7600000000093}"
BUREAU_ENDDATE_MAX,215257,32432,0.15066641270667155,182825,-41875.0,31199.0,4443.410862846985,9360.121117272432,"{""0.01"": -2163.76, ""0.05"": -1072.7999999999993, ""0.10"": -540.5999999999985, ""0.25"": 126.0, ""0.50"": 911.0, ""0.75"": 1684.0, ""0.90"": 27414.0, ""0.95"": 31059.0, ""0.99"": 31171.0}"
BUREAU_FACT_ENDDATE_REPORTED_COUNT,215257,30836,0.14325201967880255,184421,0.0,84.0,3.4889356418195323,3.3812020403552796,"{""0.01"": 0.0, ""0.05"": 0.0, ""0.10"": 0.0, ""0.25"": 1.0, ""0.50"": 3.0, ""0.75"": 5.0, ""0.90"": 8.0, ""0.95"": 10.0, ""0.99"": 15.0}"
BUREAU_CONSUMER_CREDIT_COUNT,215257,30836,0.14325201967880255,184421,0.0,86.0,4.0571626875464295,3.496757751942801,"{""0.01"": 0.0, ""0.05"": 0.0, ""0.10"": 1.0, ""0.25"": 2.0, ""0.50"": 3.0, ""0.75"": 6.0, ""0.90"": 9.0, ""0.95"": 11.0, ""0.99"": 16.0}"
BUREAU_CREDIT_CARD_COUNT,215257,30836,0.14325201967880255,184421,0.0,22.0,1.3052038542248443,1.5023014839677493,"{""0.01"": 0.0, ""0.05"": 0.0, ""0.10"": 0.0, ""0.25"": 0.0, ""0.50"": 1.0, ""0.75"": 2.0, ""0.90"": 3.0, ""0.95"": 4.0, ""0.99"": 7.0}"
BUREAU_CAR_LOAN_COUNT,215257,30836,0.14325201967880255,184421,0.0,8.0,0.09014157823675178,0.34824522075441317,"{""0.01"": 0.0, ""0.05"": 0.0, ""0.10"": 0.0, ""0.25"": 0.0, ""0.50"": 0.0, ""0.75"": 0.0, ""0.90"": 0.0, ""0.95"": 1.0, ""0.99"": 2.0}"
BUREAU_MORTGAGE_COUNT,215257,30836,0.14325201967880255,184421,0.0,13.0,0.059093053394136244,0.25988748059654665,"{""0.01"": 0.0, ""0.05"": 0.0, ""0.10"": 0.0, ""0.25"": 0.0, ""0.50"": 0.0, ""0.75"": 0.0, ""0.90"": 0.0, ""0.95"": 1.0, ""0.99"": 1.0}"
BUREAU_OTHER_CREDIT_COUNT,215257,30836,0.14325201967880255,184421,0.0,44.0,0.04703368922194327,0.48497671820220684,"{""0.01"": 0.0, ""0.05"": 0.0, ""0.10"": 0.0, ""0.25"": 0.0, ""0.50"": 0.0, ""0.75"": 0.0, ""0.90"": 0.0, ""0.95"": 0.0, ""0.99"": 1.0}"
BUREAU_UNIQUE_CREDIT_TYPE_COUNT,215257,30836,0.14325201967880255,184421,1.0,6.0,1.7438632259883635,0.640192446148405,"{""0.01"": 1.0, ""0.05"": 1.0, ""0.10"": 1.0, ""0.25"": 1.0, ""0.50"": 2.0, ""0.75"": 2.0, ""0.90"": 2.0, ""0.95"": 3.0, ""0.99"": 3.0}"
BUREAU_ACTIVE_RATIO,215257,30836,0.14325201967880255,184421,0.0,1.0,0.4132531976651295,0.3077845863096052,"{""0.01"": 0.0, ""0.05"": 0.0, ""0.10"": 0.0, ""0.25"": 0.2, ""0.50"": 0.375, ""0.75"": 0.6, ""0.90"": 1.0, ""0.95"": 1.0, ""0.99"": 1.0}"
BUREAU_OVERDUE_RATIO,215257,30836,0.14325201967880255,184421,0.0,1.0,0.002943401916995026,0.03477797442807468,"{""0.01"": 0.0, ""0.05"": 0.0, ""0.10"": 0.0, ""0.25"": 0.0, ""0.50"": 0.0, ""0.75"": 0.0, ""0.90"": 0.0, ""0.95"": 0.0, ""0.99"": 0.1}"
BUREAU_ANNUITY_MISSING_RATE,215257,30836,0.14325201967880255,184421,0.0,1.0,0.7791842233843037,0.3667947059415152,"{""0.01"": 0.0, ""0.05"": 0.0, ""0.10"": 0.0, ""0.25"": 0.5714285714285714, ""0.50"": 1.0, ""0.75"": 1.0, ""0.90"": 1.0, ""0.95"": 1.0, ""0.99"": 1.0}"
BUREAU_DEBT_MISSING_RATE,215257,30836,0.14325201967880255,184421,0.0,1.0,0.14529782991762288,0.23242493342233297,"{""0.01"": 0.0, ""0.05"": 0.0, ""0.10"": 0.0, ""0.25"": 0.0, ""0.50"": 0.0, ""0.75"": 0.25, ""0.90"": 0.5, ""0.95"": 0.6666666666666667, ""0.99"": 1.0}"
BUREAU_DEBT_TO_CREDIT_RATIO,215257,36882,0.171339375722973,178375,0.0,6.103702127659575,0.32510883501976506,0.3077497913986343,"{""0.01"": 0.0, ""0.05"": 0.0, ""0.10"": 0.0, ""0.25"": 0.0, ""0.50"": 0.2774584874817173, ""0.75"": 0.5512631223875343, ""0.90"": 0.7808250956937799, ""0.95"": 0.8924307491850896, ""0.99"": 1.0}"
PREV_APPLICATION_COUNT,215257,11456,0.053220104340393114,203801,1.0,68.0,4.86339615605419,4.155392436957713,"{""0.01"": 1.0, ""0.05"": 1.0, ""0.10"": 1.0, ""0.25"": 2.0, ""0.50"": 4.0, ""0.75"": 6.0, ""0.90"": 10.0, ""0.95"": 13.0, ""0.99"": 20.0}"
PREV_APPROVED_COUNT,215257,11456,0.053220104340393114,203801,0.0,27.0,3.047673956457525,2.128265314168543,"{""0.01"": 1.0, ""0.05"": 1.0, ""0.10"": 1.0, ""0.25"": 1.0, ""0.50"": 3.0, ""0.75"": 4.0, ""0.90"": 6.0, ""0.95"": 7.0, ""0.99"": 10.0}"
PREV_REFUSED_COUNT,215257,11456,0.053220104340393114,203801,0.0,58.0,0.8461047786811645,1.8204799783876462,"{""0.01"": 0.0, ""0.05"": 0.0, ""0.10"": 0.0, ""0.25"": 0.0, ""0.50"": 0.0, ""0.75"": 1.0, ""0.90"": 3.0, ""0.95"": 4.0, ""0.99"": 8.0}"
PREV_CANCELED_COUNT,215257,11456,0.053220104340393114,203801,0.0,52.0,0.8917964092423492,1.6718354671814657,"{""0.01"": 0.0, ""0.05"": 0.0, ""0.10"": 0.0, ""0.25"": 0.0, ""0.50"": 0.0, ""0.75"": 1.0, ""0.90"": 3.0, ""0.95"": 4.0, ""0.99"": 7.0}"
PREV_UNUSED_COUNT,215257,11456,0.053220104340393114,203801,0.0,16.0,0.07782101167315175,0.3262611129324074,"{""0.01"": 0.0, ""0.05"": 0.0, ""0.10"": 0.0, ""0.25"": 0.0, ""0.50"": 0.0, ""0.75"": 0.0, ""0.90"": 0.0, ""0.95"": 1.0, ""0.99"": 1.0}"
PREV_APPLICATION_TOTAL,215257,11456,0.053220104340393114,203801,0.0,37973713.5,852875.1567829647,1345615.9867653113,"{""0.01"": 20268.0, ""0.05"": 44343.0, ""0.10"": 68949.0, ""0.25"": 148225.5, ""0.50"": 382099.5, ""0.75"": 1012500.0, ""0.90"": 2128500.0, ""0.95"": 3148542.0, ""0.99"": 6374029.5}"
PREV_APPLICATION_MEAN,215257,11456,0.053220104340393114,203801,0.0,4050000.0,154326.53463396628,154388.25939537535,"{""0.01"": 14056.875, ""0.05"": 27444.375, ""0.10"": 37710.0, ""0.25"": 62005.5, ""0.50"": 105990.0, ""0.75"": 191382.75, ""0.90"": 329500.0, ""0.95"": 441495.0, ""0.99"": 734909.1923076923}"
PREV_APPLICATION_MAX,215257,11456,0.053220104340393114,203801,0.0,5850000.0,375188.70076788147,422123.83451786777,"{""0.01"": 19980.0, ""0.05"": 37471.5, ""0.10"": 53487.0, ""0.25"": 98491.5, ""0.50"": 202500.0, ""0.75"": 454500.0, ""0.90"": 990000.0, ""0.95"": 1282500.0, ""0.99"": 1935000.0}"
PREV_CREDIT_TOTAL,215257,11456,0.053220104340393114,203801,0.0,41461128.0,955642.7853944288,1486895.442587005,"{""0.01"": 21271.5, ""0.05"": 45000.0, ""0.10"": 71730.0, ""0.25"": 157500.0, ""0.50"": 428103.0, ""0.75"": 1163322.0, ""0.90"": 2400178.5, ""0.95"": 3504690.0, ""0.99"": 7002283.5}"
PREV_CREDIT_MEAN,215257,11456,0.053220104340393114,203801,0.0,4050000.0,170410.33706073108,166735.22717694423,"{""0.01"": 16801.5, ""0.05"": 29353.5, ""0.10"": 40277.25, ""0.25"": 66979.8, ""0.50"": 117450.0, ""0.75"": 216552.375, ""0.90"": 365321.25, ""0.95"": 481137.75, ""0.99"": 790830.0}"
PREV_CREDIT_MAX,215257,11456,0.053220104340393114,203801,0.0,4509688.5,414567.16863634135,457775.7935256846,"{""0.01"": 20601.0, ""0.05"": 38335.5, ""0.10"": 54958.5, ""0.25"": 104778.0, ""0.50"": 225000.0, ""0.75"": 551745.0, ""0.90"": 1096020.0, ""0.95"": 1350000.0, ""0.99"": 2070000.0}"
PREV_APPROVED_APPLICATION_TOTAL,215257,11456,0.053220104340393114,203801,0.0,13320000.0,547647.5446011795,689276.888139949,"{""0.01"": 16821.0, ""0.05"": 36900.0, ""0.10"": 58437.0, ""0.25"": 121563.0, ""0.50"": 284391.0, ""0.75"": 692235.0, ""0.90"": 1404315.0, ""0.95"": 1951285.5, ""0.99"": 3260133.0}"
PREV_APPROVED_CREDIT_TOTAL,215257,11456,0.053220104340393114,203801,0.0,10486021.5,615191.1336437014,765549.5349245426,"{""0.01"": 18333.0, ""0.05"": 38416.5, ""0.10"": 60601.5, ""0.25"": 129055.5, ""0.50"": 316440.0, ""0.75"": 803317.5, ""0.90"": 1584454.5, ""0.95"": 2198646.0, ""0.99"": 3569350.5}"
PREV_DOWN_PAYMENT_MEAN,215257,23703,0.11011488592705464,191554,0.0,2025000.0,7104.355530472804,19078.322698146123,"{""0.01"": 0.0, ""0.05"": 0.0, ""0.10"": 0.0, ""0.25"": 0.0, ""0.50"": 3375.0, ""0.75"": 8280.0, ""0.90"": 16497.0, ""0.95"": 24444.141750000003, ""0.99"": 58218.350000000064}"
PREV_DOWN_PAYMENT_MAX,215257,23703,0.11011488592705464,191554,0.0,3060045.0,11713.074250629066,29467.140540603265,"{""0.01"": 0.0, ""0.05"": 0.0, ""0.10"": 0.0, ""0.25"": 0.0, ""0.50"": 5853.24, ""0.75"": 13500.0, ""0.90"": 26368.650000000052, ""0.95"": 43593.075000000026, ""0.99"": 90000.0}"
PREV_ANNUITY_MEAN,215257,11752,0.05459520480170215,203505,0.0,300425.445,14547.638456059645,10021.360549962326,"{""0.01"": 2712.1572, ""0.05"": 4257.504, ""0.10"": 5351.886, ""0.25"": 7839.259999999999, ""0.50"": 12001.995, ""0.75"": 18349.965, ""0.90"": 26666.864571428574, ""0.95"": 33119.61899999999, ""0.99"": 50042.96999999999}"
PREV_ANNUITY_MAX,215257,11752,0.05459520480170215,203505,0.0,418058.145,23751.323686002797,19175.010298384605,"{""0.01"": 2840.0436, ""0.05"": 4777.0560000000005, ""0.10"": 6419.52, ""0.25"": 10414.08, ""0.50"": 17954.865, ""0.75"": 31544.37, ""0.90"": 48482.64, ""0.95"": 59485.5, ""0.99"": 90058.07879999992}"
PREV_CNT_PAYMENT_MEAN,215257,11752,0.05459520480170215,203505,0.0,72.0,14.53971588194423,8.433017047574452,"{""0.01"": 3.0, ""0.05"": 5.333333333333333, ""0.10"": 6.0, ""0.25"": 9.0, ""0.50"": 12.0, ""0.75"": 18.0, ""0.90"": 25.666666666666668, ""0.95"": 31.5, ""0.99"": 42.0}"
PREV_CNT_PAYMENT_MAX,215257,11752,0.05459520480170215,203505,0.0,84.0,24.123171420849612,16.73170081658777,"{""0.01"": 4.0, ""0.05"": 6.0, ""0.10"": 8.0, ""0.25"": 12.0, ""0.50"": 18.0, ""0.75"": 36.0, ""0.90"": 48.0, ""0.95"": 60.0, ""0.99"": 60.0}"
PREV_REPEATER_COUNT,215257,11456,0.053220104340393114,203801,0.0,67.0,3.5721905191829286,4.179143590859869,"{""0.01"": 0.0, ""0.05"": 0.0, ""0.10"": 0.0, ""0.25"": 1.0, ""0.50"": 2.0, ""0.75"": 5.0, ""0.90"": 9.0, ""0.95"": 12.0, ""0.99"": 19.0}"
PREV_NEW_CLIENT_COUNT,215257,11456,0.053220104340393114,203801,0.0,22.0,0.8913891492190912,0.5638909530730459,"{""0.01"": 0.0, ""0.05"": 0.0, ""0.10"": 0.0, ""0.25"": 1.0, ""0.50"": 1.0, ""0.75"": 1.0, ""0.90"": 1.0, ""0.95"": 2.0, ""0.99"": 3.0}"
PREV_REFRESHED_CLIENT_COUNT,215257,11456,0.053220104340393114,203801,0.0,28.0,0.3945711748224984,0.8703234865753702,"{""0.01"": 0.0, ""0.05"": 0.0, ""0.10"": 0.0, ""0.25"": 0.0, ""0.50"": 0.0, ""0.75"": 1.0, ""0.90"": 1.0, ""0.95"": 2.0, ""0.99"": 4.0}"
PREV_XNA_CLIENT_TYPE_COUNT,215257,11456,0.053220104340393114,203801,0.0,12.0,0.005245312829672082,0.10580298966988956,"{""0.01"": 0.0, ""0.05"": 0.0, ""0.10"": 0.0, ""0.25"": 0.0, ""0.50"": 0.0, ""0.75"": 0.0, ""0.90"": 0.0, ""0.95"": 0.0, ""0.99"": 0.0}"
PREV_CONTRACT_TYPE_NUNIQUE,215257,11456,0.053220104340393114,203801,1.0,4.0,1.8724638250057655,0.7763275051092517,"{""0.01"": 1.0, ""0.05"": 1.0, ""0.10"": 1.0, ""0.25"": 1.0, ""0.50"": 2.0, ""0.75"": 2.0, ""0.90"": 3.0, ""0.95"": 3.0, ""0.99"": 3.0}"
PREV_PRODUCT_COMBINATION_NUNIQUE,215257,11456,0.053220104340393114,203801,1.0,13.0,3.0838415905711947,1.7969612321861403,"{""0.01"": 1.0, ""0.05"": 1.0, ""0.10"": 1.0, ""0.25"": 2.0, ""0.50"": 3.0, ""0.75"": 4.0, ""0.90"": 6.0, ""0.95"": 6.0, ""0.99"": 8.0}"
PREV_MOST_RECENT_DECISION_DAYS,215257,11456,0.053220104340393114,203801,-2922.0,-1.0,-480.49961482033945,540.2475792089379,"{""0.01"": -2589.0, ""0.05"": -1769.0, ""0.10"": -1095.0, ""0.25"": -595.0, ""0.50"": -299.0, ""0.75"": -147.0, ""0.90"": -50.0, ""0.95"": -22.0, ""0.99"": -5.0}"
PREV_OLDEST_DECISION_DAYS,215257,11456,0.053220104340393114,203801,-2922.0,-2.0,-1540.0190774333787,864.4424953072172,"{""0.01"": -2903.0, ""0.05"": -2820.0, ""0.10"": -2712.0, ""0.25"": -2391.0, ""0.50"": -1502.0, ""0.75"": -726.0, ""0.90"": -416.0, ""0.95"": -306.0, ""0.99"": -171.0}"
PREV_AVG_DECISION_DAYS,215257,11456,0.053220104340393114,203801,-2922.0,-2.0,-919.2929130757567,577.633560486565,"{""0.01"": -2634.0, ""0.05"": -2086.4, ""0.10"": -1739.0, ""0.25"": -1245.3333333333333, ""0.50"": -788.7142857142857, ""0.75"": -466.75, ""0.90"": -298.0, ""0.95"": -232.0, ""0.99"": -139.0}"
PREV_FIRST_DUE_DAYS_MEAN,215257,12744,0.05920364959095407,202513,-2891.0,-3.0,-1024.6004233804451,594.7982365703128,"{""0.01"": -2655.0, ""0.05"": -2190.0, ""0.10"": -1839.6583333333333, ""0.25"": -1400.888888888889, ""0.50"": -938.6, ""0.75"": -542.5, ""0.90"": -324.0, ""0.95"": -245.60000000000096, ""0.99"": -138.0}"
PREV_LAST_DUE_DAYS_MEAN,215257,26751,0.12427470419080448,188506,-2889.0,-2.0,-919.2270678062756,593.343234832666,"{""0.01"": -2470.95, ""0.05"": -2071.5, ""0.10"": -1755.125, ""0.25"": -1300.0, ""0.50"": -839.3666666666667, ""0.75"": -438.0, ""0.90"": -207.0, ""0.95"": -116.0, ""0.99"": -26.0}"
PREV_TERMINATION_DAYS_MEAN,215257,28210,0.1310526486943514,187047,-2789.0,-2.0,-906.1142900938191,591.5722640419679,"{""0.01"": -2474.0, ""0.05"": -2069.5, ""0.10"": -1738.5, ""0.25"": -1281.3333333333333, ""0.50"": -821.0, ""0.75"": -428.0, ""0.90"": -202.0, ""0.95"": -113.0, ""0.99"": -25.0}"
PREV_APPROVAL_RATE,215257,11456,0.053220104340393114,203801,0.0,1.0,0.7485710262446834,0.2622313746262524,"{""0.01"": 0.1428571428571428, ""0.05"": 0.2777777777777778, ""0.10"": 0.3571428571428571, ""0.25"": 0.5, ""0.50"": 0.8, ""0.75"": 1.0, ""0.90"": 1.0, ""0.95"": 1.0, ""0.99"": 1.0}"
PREV_REFUSAL_RATE,215257,11456,0.053220104340393114,203801,0.0,1.0,0.11118104673862854,0.18452769707442887,"{""0.01"": 0.0, ""0.05"": 0.0, ""0.10"": 0.0, ""0.25"": 0.0, ""0.50"": 0.0, ""0.75"": 0.2, ""0.90"": 0.4, ""0.95"": 0.5, ""0.99"": 0.7272727272727273}"
PREV_CANCELED_RATE,215257,11456,0.053220104340393114,203801,0.0,1.0,0.12520776394848815,0.18706736094990165,"{""0.01"": 0.0, ""0.05"": 0.0, ""0.10"": 0.0, ""0.25"": 0.0, ""0.50"": 0.0, ""0.75"": 0.25, ""0.90"": 0.4285714285714285, ""0.95"": 0.5, ""0.99"": 0.6666666666666666}"
PREV_CREDIT_TO_APPLICATION_RATIO,215257,12192,0.05663927305499937,203065,0.2,43.54524207011686,1.1536431784894683,0.6958890769962539,"{""0.01"": 0.7, ""0.05"": 0.8688711115345219, ""0.10"": 0.9130679428820851, ""0.25"": 0.995779887346681, ""0.50"": 1.0528094268509292, ""0.75"": 1.1277978882829127, ""0.90"": 1.281520077512177, ""0.95"": 1.6080005299269626, ""0.99"": 3.6591682985923146}"
PREV_APPROVED_CREDIT_TO_APPLICATION_RATIO,215257,12905,0.05995159274727419,202352,0.2,37.39886363636364,1.1573209694854205,0.7180050919596566,"{""0.01"": 0.682123889571845, ""0.05"": 0.85, ""0.10"": 0.9, ""0.25"": 0.99042716593368, ""0.50"": 1.0488608363450183, ""0.75"": 1.1220149577594334, ""0.90"": 1.2828522791892742, ""0.95"": 1.6608837900864315, ""0.99"": 3.9610088095319655}"
EMPLOYMENT_YEARS,215257,38756,0.18004524823815254,176501,-0.0,48.139630390143736,6.533592670707937,6.407926537926083,"{""0.01"": 0.3039014373716632, ""0.05"": 0.5667351129363449, ""0.10"": 0.914442162902122, ""0.25"": 2.0971937029431897, ""0.50"": 4.514715947980835, ""0.75"": 8.695414099931554, ""0.90"": 14.628336755646815, ""0.95"": 19.96167008898015, ""0.99"": 31.03080082135524}"
